nombre_completo,cuenta,contrasena,descripcion
Alumno 1 ESO, Alu1eso, a1ESO2345.A, Alumnado de 1 de la ESO
Alumno 2 ESO, Alu2eso, a2ESO3456.A, Alumnado de 2 de la ESO
Alumno 3 ESO, Alu3eso, a3ESO4567.A, Alumnado de 3 de la ESO
Alumno 4 ESO, Alu4eso, a4ESO5678.A, Alumnado de 4 de la ESO
Alumno 1 BACHILLERATO, Alu1bach, a1BACH2345.B, Alumnado de 1 de Bachillerato
Alumno 2 BACHILLERATO, Alu2bach, a2BACH3456.B, Alumnado de 2 de Bachillerato
Alumno 1 DAW, Alu1daw, a1DAW2345.D, Alumnado de 1 del CFGS DAW
ALUMNADO, alumnado, alumando.A987, Alumnado general del IES Camp de Morvedre
PROFESORADO, profesorado, Profesorado.P1357., Profesorado del IES Camp de Morvedre
